id,mp12a,mp12b,mp12c,mp12d,mp12e,mp12f
1,1,3,1,3,3,3
2,1,3,1,3,3,1
3,3,3,1,3,3,3
4,3,3,3,3,3,3
5,1,3,3,3,3,3
6,1,3,2,2,3,3
7,1,1,1,3,1,1
8,1,3,3,1,3,3
9,3,3,1,3,3,3
10,1,1,3,3,1,3
11,3,3,1,3,3,3
12,1,1,3,3,1,2
13,1,1,2,3,1,3
14,1,1,3,3,3,3
15,3,3,3,3,3,3
16,1,3,3,3,1,3
17,1,3,1,3,2,3
18,1,3,1,3,3,3
19,3,3,2,3,1,3
20,1,1,3,1,1,3
21,1,1,3,3,3,3
22,1,1,3,1,3,1
23,2,2,2,2,1,2
24,2,2,2,2,3,3
25,3,3,3,3,3,3
26,1,1,3,1,2,2
27,1,1,1,1,1,3
28,2,3,3,3,2,2
29,1,3,1,3,3,3
30,3,3,3,3,3,3
31,3,3,1,3,3,3
32,1,3,3,3,1,3
33,3,3,3,3,3,3
34,1,3,3,3,3,3
35,1,3,1,3,3,3
36,3,3,1,3,3,3
37,1,3,1,3,1,1
38,1,3,1,3,2,3
39,2,3,2,3,3,3
40,1,3,3,3,3,3
41,1,3,1,3,1,3
42,3,2,3,2,3,3
43,1,3,1,3,1,3
44,3,3,1,3,3,3
45,3,3,3,3,3,3
46,3,3,1,3,3,3
47,3,3,1,3,1,3
48,1,3,3,1,3,3
49,3,3,1,3,3,3
50,3,2,2,3,2,3
51,3,3,2,3,3,3
52,1,1,1,3,2,3
53,1,3,1,3,3,3
54,1,3,1,3,3,3
55,3,3,3,3,3,3
56,1,3,3,3,3,3
57,3,3,1,3,3,3
58,3,3,3,3,3,3
59,3,3,3,3,3,3
60,1,1,1,3,1,3
61,1,3,3,3,2,3
62,1,1,3,3,3,1
63,3,3,1,3,3,3
64,1,1,3,3,3,3
65,3,3,1,3,3,3
66,1,3,1,3,3,3
67,1,1,3,3,1,3
68,3,3,3,3,3,3
69,1,3,3,3,3,3
70,3,3,3,3,3,3
71,1,1,3,1,1,1
72,3,3,2,3,3,3
73,1,1,3,2,1,2
74,1,3,1,3,3,3
75,1,3,3,3,3,3
76,1,1,3,1,2,1
77,3,3,2,3,3,3
78,1,1,3,1,1,1
79,1,3,3,3,3,3
80,3,3,3,3,3,3
81,1,1,3,3,2,2
82,1,1,3,1,1,1
83,1,1,3,3,3,3
84,1,1,1,3,1,3
85,1,1,3,3,1,3
86,3,1,3,1,3,3
87,3,3,3,3,3,3
88,1,3,1,3,3,3
89,3,3,1,3,3,3
90,2,2,2,3,2,3
91,1,2,2,2,1,3
92,1,1,3,2,1,3
93,2,3,2,3,2,3
94,3,3,3,1,1,1
95,1,1,3,3,1,1
96,2,2,3,3,3,3
97,1,1,3,3,3,3
98,3,3,3,3,3,3
99,1,1,1,3,3,1
100,3,3,1,3,3,3
101,1,1,3,3,3,1
102,3,3,1,3,3,3
103,1,1,3,3,1,3
104,1,3,3,3,3,3
105,3,3,3,3,3,3
106,3,3,1,3,2,3
107,2,3,1,1,3,3
108,1,1,3,3,1,3
109,2,2,2,3,3,1
110,3,3,1,3,3,3
111,3,3,1,3,3,3
112,3,3,1,3,3,3
113,1,3,1,3,3,3
114,1,1,3,3,2,3
115,3,3,3,3,3,3
116,3,3,1,3,3,3
117,2,3,1,3,3,3
118,3,3,3,3,3,3
119,3,3,1,3,3,3
120,3,3,3,3,1,3
121,1,1,3,1,3,3
122,3,3,3,3,3,3
123,3,3,2,3,3,3
124,1,1,3,2,1,3
125,1,1,1,3,3,2
126,1,3,3,3,3,3
127,3,3,1,3,3,3
128,3,3,3,3,3,3
129,3,3,3,3,2,3
130,1,3,3,3,3,3
131,1,3,2,3,3,3
132,3,3,1,3,3,3
133,3,3,3,3,3,3
134,1,1,1,3,3,3
135,3,3,3,3,1,3
136,1,3,1,3,3,3
137,3,3,1,3,3,3
138,1,3,3,1,2,3
139,3,3,3,3,3,3
140,3,1,1,1,3,3
141,1,1,3,1,1,1
142,1,3,2,3,3,3
143,1,2,2,2,3,2
144,3,3,3,3,1,3
145,1,2,3,3,2,2
146,3,3,2,3,3,3
147,3,3,2,3,3,3
148,1,1,3,1,1,1
149,1,1,3,3,3,3
150,3,3,1,3,3,3
151,2,3,2,1,1,3
152,1,3,3,2,3,3
153,3,3,1,3,3,3
154,3,3,3,3,3,3
155,3,3,1,3,3,3
156,2,2,2,3,3,3
157,3,3,3,1,1,3
158,1,1,1,3,3,3
159,1,1,3,3,3,3
160,1,1,3,3,3,3
161,1,3,3,3,1,2
162,1,3,1,2,1,3
163,2,3,1,3,3,3
164,2,2,2,3,2,3
165,3,3,3,3,2,3
166,1,1,3,3,1,1
167,1,1,3,1,1,1
168,1,1,3,3,2,3
169,3,3,1,3,3,3
170,2,3,2,2,1,3
171,3,1,3,3,3,3
172,3,3,1,3,3,3
173,3,3,3,3,3,3
174,1,1,3,1,1,1
175,3,3,3,3,2,3
176,1,1,3,1,1,1
177,1,1,3,2,3,1
178,3,3,2,3,3,3
179,1,3,3,3,3,3
180,3,3,3,3,3,3
181,1,2,1,3,3,3
182,1,3,3,3,2,3
183,3,3,3,1,3,3
184,3,3,3,3,3,3
185,3,3,1,3,3,3
186,1,3,1,3,3,3
187,3,3,1,3,3,3
188,1,1,3,3,1,3
189,1,1,3,3,3,3
190,1,3,3,1,2,3
191,1,3,3,3,2,3
192,2,2,3,2,2,3
193,3,3,3,1,3,3
194,1,3,3,3,3,3
195,3,3,1,3,3,3
196,3,3,3,3,3,3
197,3,3,1,2,3,3
198,2,2,2,2,3,3
199,3,3,1,3,3,3
200,3,3,1,3,3,3
201,3,3,1,3,3,3
202,1,1,1,1,2,1
203,3,3,3,3,3,3
204,3,3,3,3,3,3
205,1,3,1,3,3,3
206,3,3,1,3,3,3
207,1,1,1,3,3,2
208,3,3,3,3,1,3
209,2,2,1,1,3,3
210,1,3,3,3,2,3
211,3,3,1,3,3,3
212,3,1,1,3,3,3
213,3,3,1,3,3,3
214,2,2,2,2,2,2
215,1,3,1,3,3,3
216,1,1,3,1,1,1
217,3,3,3,3,3,3
218,3,3,3,3,3,3
219,1,1,3,3,1,3
220,3,3,1,3,3,3
221,3,3,1,3,3,3
222,3,3,3,3,2,3
223,1,3,3,3,2,3
224,1,1,1,1,1,3
225,3,3,1,3,3,3
226,1,1,3,3,2,3
227,3,3,3,3,2,3
228,3,3,1,3,3,3
229,3,3,3,3,1,3
230,3,2,3,3,3,3
231,3,3,1,3,3,3
232,1,1,3,3,3,3
233,1,3,3,1,1,3
234,1,1,3,3,2,3
235,1,1,1,2,2,3
236,3,3,1,3,3,3
237,3,3,1,3,3,3
238,3,3,3,3,2,3
239,1,1,1,3,2,3
240,1,3,1,3,1,3
241,3,3,3,3,3,3
242,3,3,3,3,3,3
243,3,3,1,2,3,3
244,1,3,3,3,1,1
245,1,1,1,1,1,3
246,3,3,3,3,3,3
247,3,3,3,3,3,3
248,3,3,1,3,3,3
249,2,3,3,3,3,3
250,1,3,1,3,1,3
251,1,3,1,3,3,3
252,3,3,3,3,3,3
253,1,1,3,1,1,3
254,3,3,3,3,3,3
255,1,1,3,3,3,2
256,3,3,1,3,3,3
257,1,1,3,1,1,1
258,3,3,3,3,3,3
259,3,3,3,3,3,3
260,1,1,3,3,1,3
261,3,3,1,3,2,3
262,1,1,3,1,3,3
263,1,3,3,1,1,1
264,3,3,1,3,3,3
265,1,1,3,1,1,1
266,3,3,1,3,3,3
267,3,3,1,3,2,3
268,3,3,1,3,3,3
269,1,1,3,1,2,1
270,3,3,2,3,3,3
271,2,3,1,3,2,3
272,1,3,1,3,3,3
273,1,3,3,1,3,3
274,1,1,1,3,3,3
275,3,3,3,3,3,3
276,3,3,3,3,2,3
277,1,3,3,3,1,2
278,1,1,3,3,1,3
279,1,1,3,3,1,3
280,2,3,3,3,3,3
281,3,3,3,3,3,3
282,1,1,1,3,1,2
283,3,3,3,3,3,3
284,1,3,3,3,1,3
285,1,3,3,3,2,3
286,1,1,3,3,3,3
287,1,1,3,3,1,1
288,3,3,3,3,3,3
289,3,3,3,2,1,1
290,1,3,3,3,3,3
291,3,3,1,3,3,3
292,3,3,1,3,3,3
293,1,3,3,3,3,3
294,1,1,3,3,1,3
295,3,3,1,3,3,3
296,3,3,3,3,3,3
297,3,3,3,3,2,3
298,1,1,3,3,2,3
299,3,3,3,3,3,3
300,3,3,3,3,3,3
301,1,3,1,3,3,3
302,1,3,1,3,3,3
303,3,3,3,3,3,3
304,3,3,3,3,3,3
305,1,3,1,3,3,3
306,1,1,3,1,1,1
307,1,1,1,3,1,3
308,1,3,3,3,2,3
309,3,3,1,3,3,3
310,1,1,3,3,1,3
311,3,3,3,3,3,3
312,3,3,2,3,1,3
313,3,3,3,3,3,3
314,3,3,1,3,3,3
315,1,1,3,3,1,3
316,3,3,1,3,3,3
317,3,3,3,3,3,3
318,3,3,1,3,3,3
319,3,3,2,3,3,3
320,3,3,1,3,1,3
321,3,3,2,3,3,3
322,3,3,3,3,3,3
323,3,3,3,3,3,3
324,2,3,1,1,3,3
325,3,3,3,3,3,3
326,1,1,3,1,1,3
327,3,2,2,3,2,3
328,1,1,3,1,1,1
329,1,2,3,1,2,1
330,3,3,3,3,3,3
331,1,1,3,3,1,3
332,1,3,1,3,3,3
333,1,3,3,3,3,1
334,3,3,1,3,2,3
335,1,3,1,3,3,3
336,1,1,3,3,1,3
337,3,3,3,3,2,1
338,1,1,1,3,1,2
339,3,3,3,3,3,3
340,3,3,3,3,1,1
341,3,3,3,3,3,3
342,3,3,3,3,3,3
343,3,3,2,3,3,3
344,3,3,3,3,3,3
345,3,3,2,3,2,3
346,3,3,3,3,3,1
347,1,1,3,3,3,1
348,3,3,1,3,3,3
349,3,3,3,3,3,3
350,3,3,2,3,3,3
351,3,3,1,3,3,3
352,3,3,1,3,3,3
353,1,1,1,3,2,3
354,1,3,1,3,2,2
355,1,3,1,3,3,3
356,3,3,1,1,3,3
357,3,3,1,3,3,3
358,3,3,1,3,3,3
359,3,3,3,3,3,3
360,3,3,3,3,3,3
361,1,1,1,1,3,3
362,1,2,1,3,3,3
363,3,3,3,3,3,3
364,1,1,3,3,1,1
365,3,3,1,3,3,3
366,2,2,2,2,2,2
367,3,3,3,3,3,3
368,3,3,1,3,3,3
369,1,1,1,2,3,2
370,3,3,1,3,3,3
371,3,3,3,3,3,3
372,3,3,3,1,3,3
373,3,3,3,3,3,3
374,1,1,1,1,1,3
375,2,1,1,2,2,3
376,3,3,3,3,3,3
377,1,1,3,1,1,1
378,2,3,1,3,2,3
379,3,3,2,3,3,3
380,1,3,3,3,3,1
381,1,1,3,1,1,1
382,1,1,3,2,2,2
383,1,1,3,3,3,3
384,1,1,3,1,2,1
385,1,1,3,1,1,1
386,3,3,3,3,1,3
387,1,3,3,3,2,3
388,1,1,3,3,2,1
389,1,3,1,3,2,3
390,3,3,3,3,3,3
391,2,3,3,3,1,3
392,2,3,3,3,2,3
393,1,1,3,3,1,2
394,2,2,3,3,2,3
395,1,1,1,1,1,1
396,1,3,1,1,1,1
397,1,1,3,1,1,1
398,3,3,1,3,3,3
399,1,3,1,3,1,3
400,2,3,2,3,2,3
401,1,1,3,1,1,1
402,3,3,3,3,3,3
403,3,3,1,3,3,3
404,3,3,1,3,3,3
405,1,3,3,3,2,1
406,2,2,3,2,2,2
407,2,1,1,2,3,1
408,3,3,3,3,3,3
409,1,1,1,3,2,3
410,3,3,3,3,3,3
411,1,1,3,1,1,3
412,3,3,2,3,3,3
413,1,3,3,1,3,3
414,1,3,3,2,3,3
415,1,1,1,3,3,3
416,1,2,3,3,1,2
417,1,2,2,3,1,3
418,1,1,1,3,3,3
419,1,1,3,1,1,1
420,1,3,3,3,3,3
421,1,1,3,1,1,3
422,3,3,3,3,3,3
423,1,3,1,3,3,3
424,3,3,1,3,3,3
425,3,3,3,3,2,3
426,1,1,3,3,1,3
427,3,3,3,3,3,3
428,1,1,1,1,3,3
429,2,2,2,2,2,2
430,1,1,3,1,1,2
431,1,1,1,3,3,3
432,1,3,3,3,3,3
433,1,3,3,1,1,1
434,2,3,3,3,3,2
435,1,1,3,1,1,1
436,1,1,3,3,2,1
437,1,1,3,1,1,1
438,1,1,3,1,1,3
439,1,1,3,3,3,3
440,1,3,1,3,1,3
441,1,1,3,3,3,3
442,3,3,1,3,3,3
443,1,3,2,3,2,3
444,1,3,1,3,1,3
445,1,1,3,3,2,1
446,1,1,3,1,1,1
447,1,1,3,1,1,1
448,1,3,1,3,1,3
449,1,1,3,1,1,1
450,1,2,3,2,2,3
451,3,3,3,3,1,3
452,1,1,3,1,1,1
453,2,2,1,1,3,3
454,1,1,3,3,1,3
455,3,3,3,3,3,3
456,3,3,3,1,3,3
457,1,1,3,2,1,2
458,1,1,3,1,1,3
459,1,3,3,3,3,2
460,1,3,3,3,1,3
461,1,1,3,1,1,3
462,1,1,3,3,1,1
463,1,1,3,3,1,2
464,3,3,3,3,3,3
465,1,1,3,1,1,1
466,1,1,1,1,1,3
467,1,1,3,3,2,1
468,2,3,2,3,3,3
469,3,3,1,3,3,3
470,2,3,1,3,3,3
471,1,3,3,3,2,3
472,1,1,3,1,1,1
473,1,1,3,1,1,1
474,1,1,1,1,1,1
475,3,3,3,3,1,3
476,1,3,3,3,2,3
477,1,3,1,3,1,3
478,3,3,3,3,3,3
479,1,3,1,3,3,3
480,1,1,3,1,1,1
481,3,3,1,3,3,3
482,3,3,3,3,3,3
483,1,3,3,1,3,1
484,1,1,3,1,1,1
485,1,1,3,1,1,1
486,3,3,1,3,3,3
487,1,1,3,1,1,1
488,3,3,3,3,3,3
489,2,3,3,1,2,3
490,1,3,3,3,1,3
491,3,3,3,3,3,3
492,1,1,3,1,1,1
493,1,1,3,1,1,1
494,1,3,3,3,2,1
495,3,3,3,3,3,3
496,1,3,3,2,1,3
497,1,1,3,3,1,3
498,3,3,3,3,3,3
499,3,3,2,3,1,3
500,3,3,3,3,3,3
501,1,3,1,3,2,3
502,3,3,3,3,2,3
503,1,3,3,1,1,1
504,3,3,3,3,2,3
505,3,3,3,3,2,3
506,1,2,3,3,3,3
507,1,1,3,1,1,1
508,3,3,1,3,3,3
509,1,1,3,1,1,1
510,1,3,3,3,1,2
511,3,3,3,3,3,3
512,1,1,3,3,3,3
513,2,2,2,2,3,3
514,1,1,3,3,3,3
515,2,3,3,3,3,3
516,1,1,3,3,1,2
517,1,3,1,3,2,2
518,1,1,1,1,1,3
519,3,3,1,3,3,3
520,3,3,3,3,3,3
521,2,3,3,3,1,2
522,1,1,3,2,1,1
523,1,2,3,1,1,2
524,3,3,3,3,3,3
525,1,1,3,3,1,1
526,1,1,3,1,1,3
527,1,3,3,3,3,3
528,1,1,3,3,2,3
529,1,2,3,2,1,1
530,3,3,1,3,2,3
531,1,3,1,3,1,3
532,1,1,3,3,1,1
533,1,1,3,1,1,1
534,1,1,3,3,3,1
535,1,3,3,3,3,3
536,3,3,3,3,2,3
537,1,3,1,3,3,3
538,1,3,1,1,2,3
539,3,3,1,3,3,3
540,1,3,3,2,3,3
541,1,1,3,1,3,3
542,1,1,3,3,3,3
543,1,1,1,2,3,3
544,1,2,2,3,3,3
545,3,3,3,3,3,3
546,2,2,2,2,2,2
547,1,3,1,3,3,3
548,3,3,2,3,3,3
549,3,3,1,3,3,3
550,3,3,3,2,2,3
551,3,3,3,3,3,3
552,1,1,3,1,3,3
553,1,1,1,1,2,3
554,1,1,3,1,1,1
555,1,1,1,3,1,3
556,3,3,3,3,3,3
557,1,1,1,3,3,3
558,1,3,3,2,3,2
559,2,1,3,2,2,3
560,1,3,3,3,3,3
561,3,3,1,3,3,3
562,3,3,1,3,3,3
563,1,1,1,3,3,3
564,1,1,3,3,2,3
565,1,1,3,1,1,3
566,1,3,1,2,2,3
567,1,1,1,1,3,3
568,2,2,2,2,2,3
569,2,2,3,3,3,3
570,1,1,3,2,3,3
571,1,1,1,3,3,3
572,3,3,3,3,3,3
573,1,1,3,1,1,1
574,1,3,1,3,3,3
575,1,1,1,1,1,3
576,2,3,1,3,3,3
577,1,1,1,1,1,1
578,1,1,3,3,3,3
579,1,1,3,1,2,2
580,1,1,1,1,1,1
581,1,2,2,1,3,2
582,1,1,3,3,3,3
583,1,3,3,3,3,3
584,1,1,1,1,3,1
585,1,2,2,1,1,1
586,1,1,3,1,1,3
587,1,3,3,3,1,3
588,2,3,2,2,3,3
589,1,1,1,1,1,2
590,2,3,2,2,3,3
591,1,1,3,3,3,1
592,1,1,3,3,1,3
593,3,3,3,3,3,3
594,3,3,3,3,3,3
595,1,1,2,3,3,3
596,1,1,1,3,2,3
597,1,1,2,3,3,3
598,1,3,3,1,1,1
599,1,3,3,3,3,3
600,1,1,3,1,1,1
601,1,3,1,3,1,3
602,1,1,1,1,3,3
603,1,2,3,3,3,3
604,1,1,3,3,1,1
605,1,1,1,3,3,3
606,3,3,3,3,3,3
607,1,1,3,1,1,3
608,3,3,3,3,3,3
609,1,1,1,3,3,3
610,3,3,3,3,3,3
611,3,1,1,3,3,3
612,3,3,3,3,3,3
613,1,1,3,1,2,3
614,1,3,3,1,1,1
615,1,1,1,3,3,3
616,3,3,1,1,3,3
617,3,3,3,3,3,3
618,1,1,1,1,2,2
619,1,3,3,3,3,3
620,3,3,1,2,3,3
621,1,3,1,3,2,3
622,1,1,1,2,3,3
623,1,2,1,2,1,3
624,3,3,1,3,3,3
625,1,1,3,3,3,3
626,1,1,3,3,1,3
627,1,3,3,1,2,1
628,1,3,3,3,1,3
629,1,1,3,3,1,3
630,1,1,3,3,1,3
631,3,3,1,3,3,3
632,3,3,1,3,3,3
633,1,1,3,1,1,1
634,1,3,1,3,2,3
635,1,1,3,3,1,1
636,3,3,3,3,1,3
637,2,2,2,2,2,3
638,1,1,3,3,1,3
639,1,1,3,1,1,1
640,1,3,3,3,1,3
641,3,3,3,3,1,3
642,1,2,3,1,2,1
643,2,3,2,3,3,3
644,1,3,3,3,3,1
645,1,1,1,1,3,1
646,1,1,3,1,1,1
647,2,3,2,2,2,2
648,1,1,3,2,1,1
649,1,1,3,3,2,3
650,1,1,3,1,3,2
651,1,3,1,1,3,3
652,3,3,1,3,1,3
653,1,3,3,3,1,3
654,3,3,1,3,3,3
655,3,3,3,3,2,3
656,1,1,3,2,3,2
657,1,3,3,3,3,1
658,1,3,1,3,3,3
659,2,3,1,3,3,3
660,3,3,1,3,3,3
661,1,2,3,3,2,3
662,1,3,3,3,3,3
663,1,1,1,3,1,2
664,1,1,3,3,2,3
665,1,3,1,3,3,3
666,1,1,1,1,3,1
667,1,3,3,3,2,3
668,3,3,3,3,3,3
669,1,1,2,3,2,3
670,1,3,3,3,3,3
671,3,3,3,3,3,1
672,3,1,3,1,1,3
673,1,1,3,1,1,1
674,1,3,3,3,2,3
675,1,3,3,3,3,3
676,2,2,2,2,3,3
677,3,3,3,1,1,1
678,1,3,3,3,3,3
679,3,3,1,3,3,3
680,1,3,1,3,1,3
681,1,1,3,3,2,2
682,1,1,1,3,3,3
683,3,2,2,3,3,3
684,2,2,2,2,2,2
685,3,3,1,3,3,3
686,1,2,1,3,3,3
687,1,1,3,3,3,3
688,1,1,3,1,1,1
689,1,3,3,3,3,3
690,1,3,3,3,3,3
691,1,1,3,3,1,1
692,1,1,3,3,2,3
693,1,3,1,3,3,2
694,3,1,3,1,3,3
695,1,1,3,2,1,1
696,1,1,3,3,1,1
697,1,1,3,1,3,1
698,3,3,3,3,3,1
699,3,3,3,3,3,3
700,1,3,3,3,3,3
701,1,3,3,3,1,3
702,3,3,1,3,3,3
703,1,1,3,3,1,3
704,1,2,3,3,1,3
705,3,3,1,3,3,3
706,3,2,2,3,3,3
707,1,1,3,1,2,3
708,3,3,1,1,3,3
709,1,2,3,3,1,1
710,2,3,3,3,3,3
711,3,3,1,1,3,3
712,1,3,3,3,3,3
713,2,2,3,2,3,3
714,1,1,3,3,1,3
715,1,1,3,2,1,3
716,1,1,3,2,3,3
717,3,3,3,3,3,3
718,3,3,3,3,3,3
719,3,3,3,3,3,3
720,3,1,3,3,3,3
721,3,3,3,3,3,3
722,3,3,1,3,3,1
723,3,3,1,3,3,3
724,3,3,3,3,3,3
725,1,1,3,3,1,3
726,3,3,1,1,3,1
727,2,3,2,2,2,3
728,3,3,3,3,3,3
729,2,2,2,2,2,3
730,1,1,3,1,3,3
731,1,1,1,1,3,3
732,1,3,1,3,3,3
733,1,1,1,1,1,1
734,3,3,1,3,2,3
735,1,1,3,1,1,2
736,1,1,3,3,1,1
737,1,3,3,1,1,2
738,1,3,3,1,1,3
739,1,1,3,1,2,1
740,1,1,3,1,1,3
741,1,1,3,3,1,3
742,3,3,3,2,3,3
743,3,3,3,2,3,1
744,3,3,3,3,3,3
745,3,3,1,3,3,3
746,1,2,1,1,1,3
747,2,3,3,3,3,3
748,1,1,3,3,1,3
749,1,3,1,3,1,3
750,3,1,1,3,1,3
751,3,1,1,3,1,3
752,1,2,3,1,1,1
753,1,1,1,3,1,3
754,2,3,2,3,3,3
755,2,2,3,3,3,3
756,1,3,3,1,3,1
757,1,3,1,3,3,3
758,3,3,1,3,1,3
759,1,1,1,1,1,1
760,1,1,3,1,1,1
761,3,3,1,3,3,3
762,1,1,3,3,2,2
763,1,1,3,3,3,3
764,3,1,3,3,3,3
765,1,1,1,3,3,3
766,1,1,3,3,1,1
767,2,2,1,3,2,3
768,1,1,3,3,1,3
769,1,1,3,1,1,1
770,3,3,2,2,3,3
771,1,1,1,2,1,3
772,2,3,1,3,3,3
773,2,3,3,1,3,3
774,1,1,3,1,1,1
775,1,3,2,3,1,2
776,1,1,1,1,1,1
777,3,3,3,3,3,3
778,3,3,1,3,3,3
779,3,3,1,3,3,3
780,1,2,1,3,2,3
781,1,3,1,3,3,3
782,1,3,3,3,1,3
783,1,3,1,3,1,3
784,1,1,1,1,3,3
785,1,1,1,3,1,1
786,1,3,1,1,1,3
787,3,3,1,3,1,3
788,1,3,1,3,3,3
789,3,3,1,3,1,3
790,2,1,3,2,2,3
791,1,3,3,3,3,3
792,1,1,3,1,1,1
793,1,3,3,3,2,3
794,3,3,3,3,3,3
795,3,3,2,3,3,1
796,1,1,3,3,3,3
797,1,1,3,3,1,3
798,3,3,1,3,3,3
799,1,3,3,3,2,3
800,2,3,1,3,3,3
801,1,1,3,2,1,1
802,1,1,1,1,3,3
803,1,1,1,3,3,3
804,1,3,1,3,3,3
805,1,1,3,3,1,3
806,2,3,3,3,2,3
807,2,3,3,3,3,3
808,1,1,3,1,1,1
809,1,3,3,3,1,2
810,1,3,1,3,1,3
811,1,3,1,2,2,3
812,1,1,3,3,1,1
813,1,1,1,1,1,1
814,1,1,1,3,3,3
815,1,3,3,1,1,1
816,3,2,3,3,2,2
817,1,1,1,3,1,3
818,1,1,3,1,1,1
819,1,1,3,1,1,1
820,2,3,3,3,2,3
821,2,2,2,3,3,3
822,1,1,3,3,3,1
823,1,1,3,3,3,2
824,1,1,3,3,1,3
825,1,1,3,2,2,3
826,1,1,1,1,3,1
827,1,1,3,1,1,1
828,1,1,3,2,1,3
829,1,1,3,1,1,3
830,3,3,3,3,1,3
831,1,1,3,3,1,1
832,1,1,3,1,3,1
833,3,3,3,3,3,3
834,3,3,1,3,3,3
835,1,1,3,3,1,3
836,3,3,3,3,3,3
837,1,1,3,1,3,1
838,3,3,3,3,3,3
839,1,1,3,3,2,3
840,1,3,1,3,2,3
841,3,3,1,3,3,3
842,1,3,3,1,1,3
843,1,3,3,1,1,3
844,1,1,3,1,1,1
845,2,2,2,2,2,3
846,1,2,1,3,3,3
847,1,1,3,3,3,3
848,1,1,1,1,1,1
849,1,3,1,3,1,3
850,1,1,3,1,1,1
851,1,1,3,1,1,1
852,3,3,3,3,3,1
853,1,3,1,3,3,3
854,3,3,3,3,1,3
855,1,1,3,3,1,2
856,1,1,3,3,1,3
857,1,1,3,1,1,1
858,1,3,3,3,3,3
859,1,3,3,3,3,1
860,3,3,1,3,3,3
861,1,1,3,1,3,3
862,1,1,3,3,2,3
863,3,3,1,3,3,3
864,1,1,3,2,1,1
865,1,1,3,1,1,1
866,1,1,3,3,1,1
867,3,3,3,3,2,3
868,3,3,3,3,1,3
869,1,3,3,3,1,3
870,1,1,3,1,1,1
871,1,3,3,3,1,3
872,3,3,1,3,2,3
873,1,1,3,1,3,3
874,1,3,1,3,1,3
875,3,3,3,3,3,3
876,1,1,3,2,1,2
877,1,3,3,3,3,3
878,3,3,3,3,3,3
879,1,1,3,2,2,2
880,1,1,1,3,3,3
881,1,1,1,1,1,1
882,1,1,3,3,1,1
883,1,1,3,1,2,2
884,1,1,3,3,1,1
885,1,1,3,3,1,3
886,2,3,2,3,2,2
887,3,3,3,3,3,3
888,1,1,1,1,1,1
889,1,1,3,1,1,1
890,1,3,3,3,1,3
891,1,1,3,3,1,3
892,1,1,3,3,2,1
893,3,3,1,3,3,3
894,1,1,3,3,1,1
895,3,3,1,3,3,3
896,3,3,1,3,3,3
897,1,1,1,3,1,3
898,1,2,3,3,2,3
899,2,3,1,3,1,3
900,1,3,1,3,3,3
901,3,3,3,1,2,2
902,1,1,1,1,1,3
903,1,1,1,3,2,3
904,3,3,3,3,3,3
905,1,1,1,1,3,1
906,3,3,1,3,3,3
907,1,1,3,3,2,2
908,3,3,1,3,3,3
909,3,1,3,1,3,3
910,1,3,1,3,2,3
911,2,3,1,3,3,3
912,1,1,3,1,2,1
913,1,1,3,1,1,1
914,3,3,3,3,3,3
915,1,2,3,3,2,3
916,1,1,2,3,1,2
917,1,2,2,3,1,3
918,1,1,1,3,3,3
919,3,3,1,3,3,3
920,1,1,3,1,1,1
921,1,1,1,3,2,1
922,1,3,3,3,3,1
923,1,1,1,1,1,3
924,3,3,3,3,3,3
925,3,3,3,3,3,3
926,1,1,3,3,3,3
927,1,1,1,1,1,1
928,1,1,3,3,3,3
929,1,1,3,3,1,3
930,1,3,1,1,1,2
931,3,3,1,3,1,3
932,1,1,1,3,1,3
933,1,1,1,2,2,1
934,1,1,3,2,1,1
935,1,1,3,3,2,1
936,1,1,3,3,1,1
937,1,1,3,3,1,3
938,3,3,1,3,3,3
939,1,3,2,2,3,2
940,1,1,1,3,1,3
941,1,3,3,2,1,3
942,3,3,2,2,2,2
943,2,2,2,2,2,2
944,1,3,3,3,1,1
945,1,1,3,3,1,3
946,1,1,1,1,1,1
947,1,1,1,1,1,1
948,3,3,1,3,1,3
949,1,3,3,3,1,2
950,1,1,3,1,1,1
951,3,3,3,3,3,3
952,3,3,2,3,1,3
953,1,3,3,3,3,3
954,1,3,3,3,3,3
955,1,3,3,3,3,3
956,1,1,3,1,3,3
957,1,1,3,1,1,1
958,1,3,3,3,3,3
959,1,1,3,3,1,3
960,1,1,3,1,1,3
961,3,3,2,2,3,3
962,1,3,3,3,1,3
963,1,1,3,3,3,3
964,2,3,1,3,3,3
965,3,3,3,3,3,3
966,1,1,3,2,3,2
967,3,3,3,3,1,3
968,1,3,3,3,3,3
969,1,1,3,3,1,1
970,1,3,1,1,1,1
971,1,1,3,1,2,1
972,3,3,3,3,3,3
973,1,1,3,3,1,3
974,1,1,3,1,1,1
975,1,3,1,1,3,3
976,1,3,1,3,3,3
977,1,3,3,3,2,3
978,1,1,3,1,1,1
979,1,3,1,3,2,3
980,1,2,3,2,1,1
981,1,1,3,1,3,3
982,1,1,3,3,1,1
983,1,1,3,1,1,3
984,1,1,3,2,1,1
985,1,1,1,3,1,1
986,1,1,3,1,1,1
987,1,1,1,1,1,1
988,1,3,3,3,1,3
989,1,1,2,1,1,1
990,1,1,3,1,1,1
991,1,1,3,1,1,1
992,1,1,1,1,1,1
993,1,1,3,1,1,1
994,1,1,3,3,1,1
995,1,1,3,1,1,1
996,1,1,3,2,1,1
997,1,1,3,1,1,1
998,1,3,1,3,3,3
999,1,1,3,1,1,2
1000,1,1,3,1,3,1
1001,1,3,3,3,1,3
1002,1,1,1,3,1,3
1003,1,3,3,3,3,3
1004,2,3,3,2,3,2
1005,1,1,3,3,3,3
1006,1,1,3,3,3,1
1007,1,1,3,3,3,1
1008,3,3,1,3,3,3
1009,1,3,3,3,3,1
1010,1,1,1,1,3,3
1011,2,3,3,1,1,3
1012,1,1,3,2,2,2
1013,1,1,3,1,1,1
1014,1,1,3,1,1,1
1015,1,3,3,1,1,1
1016,3,3,1,3,1,3
1017,3,3,3,1,3,1
1018,1,1,3,1,1,1
1019,3,3,1,1,3,3
1020,1,2,1,3,1,3
1021,2,1,3,2,2,1
1022,1,1,1,1,1,1
1023,1,3,1,3,3,3
1024,1,1,3,2,3,1
1025,1,1,3,3,1,2
1026,1,1,3,2,1,1
1027,3,3,1,3,3,3
1028,2,1,2,3,3,3
1029,1,1,3,3,1,2
1030,1,3,3,3,3,3
1031,2,2,3,3,2,3
1032,1,1,3,1,1,3
1033,1,3,3,3,3,3
1034,1,3,3,3,3,3
1035,1,1,3,2,2,2
1036,1,3,1,1,2,3
1037,3,3,3,3,3,3
1038,1,1,3,1,1,1
1039,1,1,3,3,1,1
1040,3,3,3,3,3,3
1041,2,2,2,3,3,3
1042,1,1,3,1,1,1
1043,1,1,3,3,3,1
1044,1,1,3,3,1,3
1045,3,3,1,3,2,3
1046,1,1,3,1,3,3
1047,1,3,1,3,3,1
1048,1,1,3,3,1,3
1049,1,3,1,3,3,3
1050,1,1,3,2,1,1
1051,3,3,3,3,1,3
1052,1,1,3,3,3,3
1053,1,1,3,2,1,1
1054,3,3,3,3,3,3
1055,1,1,3,1,1,1
1056,1,1,3,1,1,3
1057,1,1,1,2,2,2
1058,1,3,1,3,3,3
1059,1,1,3,3,3,3
1060,1,1,1,3,1,3
1061,1,1,3,3,3,1
1062,1,3,3,1,1,1
1063,1,1,3,3,1,1
1064,1,1,3,1,1,1
1065,1,3,3,3,3,3
1066,3,3,1,3,3,3
1067,2,1,1,1,3,2
1068,1,3,3,1,1,1
1069,1,1,3,1,3,3
1070,3,3,3,3,3,3
1071,1,3,3,1,1,2
1072,1,1,3,1,3,1
1073,1,1,3,1,1,1
1074,1,1,3,3,1,2
1075,1,3,3,3,3,1
1076,3,3,1,2,3,3
1077,2,3,1,2,3,3
1078,1,1,3,3,1,1
1079,3,3,2,2,3,3
1080,1,1,3,1,1,1
1081,1,1,3,1,2,1
1082,3,3,3,3,3,3
1083,1,1,2,2,2,2
1084,1,2,2,2,3,3
1085,1,2,3,1,1,1
1086,1,1,3,1,1,1
1087,1,1,3,2,1,3
1088,1,2,3,2,2,2
1089,1,1,3,1,1,1
1090,3,3,1,3,3,3
1091,1,1,1,3,3,3
1092,3,3,3,1,1,1
1093,3,3,2,3,3,3
1094,1,3,3,3,2,3
1095,3,3,1,3,3,3
1096,1,1,3,2,1,1
1097,1,3,3,3,3,3
1098,1,1,3,1,2,1
1099,2,3,3,3,2,3
1100,1,1,3,3,1,2
1101,1,1,3,1,1,1
1102,1,1,3,1,1,1
1103,1,1,3,3,3,3
1104,1,1,1,1,1,1
1105,1,1,3,3,1,3
1106,1,1,3,1,1,1
1107,1,1,3,1,1,1
1108,1,1,3,2,2,1
1109,3,3,3,3,1,2
1110,1,3,3,1,1,1
1111,1,1,3,1,1,1
1112,1,1,3,3,1,1
1113,1,1,3,1,1,1
1114,1,1,3,3,1,3
1115,1,1,3,1,1,1
1116,1,1,3,1,3,3
1117,3,3,1,3,3,3
1118,1,1,3,3,1,1
1119,3,2,2,3,1,1
1120,1,1,3,1,1,1
1121,1,1,3,1,1,2
1122,1,1,3,2,1,1
1123,1,1,3,3,1,1
1124,1,1,3,3,3,3
1125,1,1,3,3,1,1
1126,1,1,1,1,2,1
1127,1,2,2,2,3,3
1128,1,1,3,1,1,1
1129,1,1,3,2,1,1
1130,1,1,3,2,1,1
1131,1,1,3,1,1,1
1132,1,1,3,1,1,1
1133,1,1,3,1,1,1
1134,1,1,3,3,1,1
1135,2,2,3,2,1,1
1136,1,1,3,1,1,1
1137,1,2,3,3,2,2
1138,1,1,3,3,2,2
1139,1,1,3,3,1,1
1140,3,1,1,3,1,3
1141,1,1,3,3,1,3
1142,1,1,3,1,1,1
1143,1,1,3,3,1,1
1144,1,1,3,3,1,1
1145,1,3,3,3,1,3
1146,1,1,3,1,1,1
1147,1,1,3,1,3,1
1148,1,1,3,1,2,1
1149,2,2,3,3,2,1
1150,1,1,3,3,1,3
1151,1,1,3,1,1,1
1152,1,1,3,1,1,1
1153,1,1,3,1,1,1
1154,1,1,3,1,1,1
1155,1,1,3,1,1,1
1156,3,1,3,3,1,3
1157,1,1,3,3,1,1
1158,1,1,1,1,1,2
1159,1,1,3,3,1,3
1160,1,1,3,1,1,1
1161,1,1,3,1,1,1
1162,1,1,3,1,1,2
1163,1,1,3,3,1,2
1164,1,1,3,1,1,1
1165,1,1,3,1,1,1
1166,1,1,3,1,1,1
1167,1,1,3,1,1,1
1168,1,1,3,3,1,3
1169,1,1,3,1,1,1
1170,1,1,3,1,1,1
1171,1,1,3,1,1,1
1172,1,1,3,1,1,1
1173,1,1,3,3,1,1
1174,1,1,2,2,1,1
1175,1,1,3,1,1,1
1176,1,1,3,1,1,1
1177,1,1,3,3,1,1
1178,1,3,3,1,3,1
1179,1,1,3,1,1,1
1180,1,1,3,3,1,1
1181,1,3,3,1,2,2
1182,1,1,3,1,1,1
1183,1,1,3,1,1,1
1184,1,1,3,2,1,1
1185,1,3,2,1,1,1
1186,1,1,3,3,1,3
1187,3,3,3,3,2,3
1188,1,1,3,1,1,1
1189,1,1,3,1,1,1
1190,1,1,3,1,1,1
1191,1,1,3,3,1,1
1192,1,1,1,1,1,3
1193,1,1,3,3,1,1
1194,1,1,3,1,1,1
1195,1,1,3,1,1,1
1196,1,1,3,1,1,1
1197,1,1,3,1,1,1
1198,1,1,3,1,1,1
1199,1,1,3,1,1,1
1200,1,1,3,1,1,1
1201,1,1,3,1,1,1
1202,1,1,3,3,1,3
1203,1,1,3,1,1,1
1204,1,1,3,1,1,1
1205,1,1,3,1,1,1
1206,1,1,3,1,1,1
1207,1,1,3,3,1,2
1208,1,1,3,1,1,1
1209,1,1,3,2,1,1
1210,1,1,3,1,1,1
1211,1,1,3,3,1,3
1212,1,1,3,1,1,2
1213,1,2,3,3,1,1
1214,1,2,2,3,1,2
1215,1,1,3,1,1,1
1216,1,1,3,3,1,1
1217,2,2,2,2,2,2
1218,1,1,3,3,1,1
1219,1,1,3,3,1,3
1220,1,1,1,1,1,1
1221,1,1,3,1,1,1
1222,1,1,3,1,1,1
1223,1,1,3,1,1,1
1224,1,1,3,3,1,1
1225,1,1,3,1,1,1
1226,1,3,3,3,1,2
1227,1,1,3,1,1,1
1228,1,1,1,1,1,3
1229,1,1,3,1,1,3
1230,1,3,3,1,1,1
1231,1,1,3,1,1,2
1232,1,1,3,1,1,1
1233,1,1,3,1,1,1
1234,1,1,3,1,1,1
1235,3,3,1,3,3,3
1236,1,1,3,1,1,1
1237,1,1,3,3,1,1
1238,1,1,3,1,1,1
1239,1,1,3,3,2,3
1240,1,1,3,1,1,1
1241,1,1,3,2,1,1
1242,1,1,1,3,1,3
1243,1,1,3,1,1,1
1244,1,1,3,2,1,1
1245,1,1,3,1,1,3
1246,1,1,3,1,1,1
1247,1,1,3,1,1,1
1248,1,1,3,1,1,1
1249,1,1,1,3,1,3
1250,1,1,3,1,1,1
1251,1,1,3,1,1,2
1252,1,1,3,3,1,1
1253,1,1,3,3,1,3
1254,1,1,3,3,1,1
1255,1,1,3,1,1,3
1256,1,1,3,3,2,2
1257,1,2,2,3,2,3
1258,1,1,1,3,2,3
1259,1,1,3,1,1,1
1260,1,1,3,2,1,1
1261,1,1,3,3,1,1
1262,1,1,3,3,1,3
1263,1,1,3,1,1,1
1264,1,1,3,3,1,1
1265,1,1,3,1,1,1
1266,1,1,3,1,1,1
1267,1,3,3,3,1,1
1268,1,1,3,1,1,1
1269,1,1,3,3,1,3
1270,1,1,3,1,1,1
1271,1,1,3,3,1,3
1272,3,3,3,3,2,3
1273,1,1,3,2,1,1
1274,1,1,3,1,1,1
1275,1,1,3,3,1,1
1276,1,2,3,3,1,2
1277,1,1,3,3,1,3
1278,1,1,3,2,1,1
1279,1,1,3,1,1,1
1280,1,1,3,1,1,1
1281,1,2,3,2,1,1
1282,1,1,3,1,1,1
1283,1,1,3,2,1,2
1284,1,1,3,3,1,3
1285,1,1,3,1,1,1
1286,1,1,3,3,1,3
1287,1,1,3,1,1,1
1288,1,1,3,3,1,1
1289,1,1,3,1,1,1
1290,1,1,3,1,1,1
1291,1,3,3,1,1,3
1292,1,1,3,1,1,1
1293,1,1,1,3,1,3
1294,1,1,3,1,1,1
1295,1,1,3,1,1,1
1296,1,1,3,1,1,1
1297,1,1,3,1,1,1
1298,1,1,3,1,1,1
1299,1,1,1,1,1,1
1300,1,1,3,3,1,1
1301,1,1,1,3,1,3
1302,1,1,3,3,1,2
1303,1,1,3,3,1,1
1304,1,1,3,1,1,1
1305,1,1,3,1,1,1
1306,1,1,3,1,1,1
1307,1,1,3,2,1,1
1308,1,1,3,3,1,1
1309,1,1,3,1,1,1
1310,2,2,2,2,2,2
1311,1,1,1,3,1,3
1312,1,1,3,1,1,1
1313,1,1,1,1,3,1
1314,1,1,3,1,1,1
1315,1,1,3,3,1,1
1316,1,1,3,3,1,1
1317,1,1,3,3,1,1
1318,1,1,3,3,1,3
1319,3,3,3,3,2,3
1320,1,1,3,3,1,1
1321,1,2,3,3,1,1
1322,1,1,3,3,1,3
1323,1,1,3,1,1,1
1324,1,1,3,1,1,1
1325,1,2,3,3,2,3
1326,1,1,3,1,1,1
1327,1,1,3,1,1,1
1328,1,1,3,3,1,3
1329,1,1,3,2,1,1
1330,1,3,3,3,1,3
1331,1,1,3,1,1,1
1332,2,2,2,2,2,2
1333,2,2,2,2,2,1
1334,1,1,3,3,1,3
1335,1,1,2,2,2,3
1336,1,1,3,1,1,1
1337,1,2,2,1,2,1
1338,1,3,3,3,3,2
1339,2,2,2,3,1,3
1340,1,3,1,3,1,1
1341,1,1,3,1,1,2
1342,3,3,1,3,3,3
1343,3,3,3,3,3,3
1344,1,1,3,1,1,3
1345,3,3,2,3,2,3
1346,1,2,1,3,3,3
1347,1,1,1,3,1,3
1348,1,1,3,1,1,1
1349,1,1,3,2,1,1
1350,1,1,3,1,1,1
1351,1,3,3,3,3,3
1352,1,3,1,3,3,3
1353,1,1,3,1,2,1
1354,3,3,3,2,3,3
1355,1,1,2,3,1,3
1356,3,3,1,3,3,3
1357,1,1,3,3,2,1
1358,1,1,3,1,1,1
1359,1,1,3,1,1,1
1360,3,3,2,3,3,3
1361,3,3,1,2,3,3
1362,1,1,3,1,1,1
1363,1,1,3,1,1,1
1364,3,3,3,3,3,3
1365,1,3,1,3,1,3
1366,1,1,3,3,1,1
1367,1,3,1,3,1,3
1368,2,3,3,3,3,3
1369,1,3,3,3,3,3
1370,2,3,3,3,3,3
1371,1,3,3,3,1,3
1372,1,1,3,3,3,3
1373,1,1,3,2,1,1
1374,1,1,1,1,1,1
1375,1,1,3,1,3,3
1376,1,3,3,1,3,1
1377,3,3,1,3,3,3
1378,1,1,3,1,3,1
